Reporting Economy,Product/Sector,Partner Economy,2015,2016,2017,2018,2019,2020
World,SI3_AGG - TO - Total merchandise,World,16560762.0,16046277.0,17746583.0,19559050.0,19019026.0,17618935.0
Afghanistan,SI3_AGG - TO - Total merchandise,World,571.0,596.0,723.0,875.0,864.0,732.0
Africa,SI3_AGG - TO - Total merchandise,World,397667.0,363879.0,434666.0,509726.0,478649.0,386332.0
"African, Caribbean and Pacific States (ACP)",SI3_AGG - TO - Total merchandise,World,334304.0,299169.0,356007.0,410473.0,386135.0,326136.0
"Africa, CIS and Middle East",SI3_AGG - TO - Total merchandise,World,1748852.0,1563492.0,1848092.0,2273324.0,2113769.0,1630657.0
Albania,SI3_AGG - TO - Total merchandise,World,1917.0,1959.0,2292.0,2870.0,2716.0,2506.0
Algeria,SI3_AGG - TO - Total merchandise,World,34668.0,30026.0,35191.0,41797.0,35824.0,21617.0
American Samoa,SI3_AGG - TO - Total merchandise,World,379.0,388.0,397.0,513.0,437.0,491.0
Andean Community (ANDEAN),SI3_AGG - TO - Total merchandise,World,97162.0,92718.0,109287.0,121435.0,118265.0,100660.0
Andorra,SI3_AGG - TO - Total merchandise,World,90.0,97.0,118.0,129.0,126.0,117.0
Angola,SI3_AGG - TO - Total merchandise,World,33181.0,27589.0,34613.0,40758.0,34726.0,20937.0
Anguilla,SI3_AGG - TO - Total merchandise,World,11.0,7.0,11.0,12.0,12.0,11.0
Antigua and Barbuda,SI3_AGG - TO - Total merchandise,World,66.0,61.0,21.0,26.0,38.0,22.0
Argentina,SI3_AGG - TO - Total merchandise,World,56784.0,57910.0,58644.0,61781.0,65116.0,54884.0
Armenia,SI3_AGG - TO - Total merchandise,World,1485.0,1792.0,2245.0,2412.0,2640.0,2544.0
"Aruba, the Netherlands with respect to",SI3_AGG - TO - Total merchandise,World,330.0,284.0,135.0,194.0,131.0,98.0
Asia,SI3_AGG - TO - Total merchandise,World,5967082.0,5759579.0,6381627.0,6904496.0,6773997.0,6680814.0
Asia-Pacific Economic Cooperation (APEC),SI3_AGG - TO - Total merchandise,World,8325980.0,7982945.0,8811519.0,9587555.0,9406581.0,8971269.0
Association of Southeast Asian Nations (ASEAN),SI3_AGG - TO - Total merchandise,World,1167083.0,1145109.0,1316348.0,1447883.0,1423772.0,1384557.0
Australia,SI3_AGG - TO - Total merchandise,World,187684.0,192505.0,231131.0,257098.0,271005.0,250578.0
Australia and New Zealand,SI3_AGG - TO - Total merchandise,World,222039.0,226260.0,269206.0,296770.0,310522.0,289497.0
Austria,SI3_AGG - TO - Total merchandise,World,152728.0,152090.0,168026.0,184815.0,178670.0,168538.0
Azerbaijan,SI3_AGG - TO - Total merchandise,World,16592.0,13108.0,15481.0,20317.0,19636.0,13470.0
Bahamas,SI3_AGG - TO - Total merchandise,World,521.0,481.0,571.0,642.0,669.0,354.0
"Bahrain, Kingdom of",SI3_AGG - TO - Total merchandise,World,16540.0,12785.0,15376.0,18044.0,18120.0,14066.0
Bangladesh,SI3_AGG - TO - Total merchandise,World,32379.0,34894.0,35851.0,39252.0,39337.0,33605.0
Barbados,SI3_AGG - TO - Total merchandise,World,483.0,517.0,485.0,448.0,444.0,345.0
Belarus,SI3_AGG - TO - Total merchandise,World,26660.0,23537.0,29241.0,33907.0,32960.0,29034.0
Belgium,SI3_AGG - TO - Total merchandise,World,396841.0,398134.0,429645.0,468650.0,446944.0,419892.0
Belize,SI3_AGG - TO - Total merchandise,World,538.0,443.0,457.0,451.0,462.0,287.0
Benin,SI3_AGG - TO - Total merchandise,World,1682.0,1774.0,2216.0,3344.0,3052.0,2316.0
Bermuda,SI3_AGG - TO - Total merchandise,World,22.0,19.0,18.0,18.0,19.0,11.0
Bhutan,SI3_AGG - TO - Total merchandise,World,549.0,525.0,573.0,606.0,674.0,651.0
"Bolivia, Plurinational State of",SI3_AGG - TO - Total merchandise,World,8726.0,7082.0,7846.0,8965.0,8757.0,7015.0
"Bonaire, Sint Eustatius and Saba",SI3_AGG - TO - Total merchandise,World,1.0,1.0,1.0,1.0,1.0,1.0
Bosnia and Herzegovina,SI3_AGG - TO - Total merchandise,World,5098.0,5328.0,6402.0,7182.0,6578.0,6152.0
Botswana,SI3_AGG - TO - Total merchandise,World,6316.0,7366.0,5870.0,6573.0,5237.0,4262.0
Brazil,SI3_AGG - TO - Total merchandise,World,191134.0,185232.0,217739.0,239264.0,225383.0,209878.0
BRIC members,SI3_AGG - TO - Total merchandise,World,3073973.0,2829116.0,3133270.0,3494651.0,3469030.0,3408628.0
BRICS members,SI3_AGG - TO - Total merchandise,World,3154975.0,2905331.0,3222216.0,3588621.0,3559046.0,3494462.0
Brunei Darussalam,SI3_AGG - TO - Total merchandise,World,6353.0,4875.0,5571.0,6574.0,7039.0,6608.0
Bulgaria,SI3_AGG - TO - Total merchandise,World,25371.0,26572.0,31438.0,33617.0,33340.0,31907.0
Burkina Faso,SI3_AGG - TO - Total merchandise,World,2176.0,2509.0,2875.0,3254.0,3239.0,4372.0
Burundi,SI3_AGG - TO - Total merchandise,World,121.0,125.0,172.0,180.0,180.0,162.0
Cabo Verde,SI3_AGG - TO - Total merchandise,World,67.0,60.0,50.0,76.0,62.0,53.0
Cambodia,SI3_AGG - TO - Total merchandise,World,8542.0,10069.0,11278.0,12700.0,14825.0,17215.0
Cameroon,SI3_AGG - TO - Total merchandise,World,4058.0,3305.0,3233.0,3803.0,4084.0,3385.0
Canada,SI3_AGG - TO - Total merchandise,World,410062.0,389991.0,420665.0,450743.0,446585.0,390599.0
Caribbean Community (CARICOM),SI3_AGG - TO - Total merchandise,World,17651.0,14471.0,16261.0,18707.0,15519.0,13300.0
Cayman Islands,SI3_AGG - TO - Total merchandise,World,65.0,58.0,39.0,41.0,50.0,22.0
Central African Economic and Monetary Community (CAEMC),SI3_AGG - TO - Total merchandise,World,26806.0,22655.0,24914.0,31287.0,24933.0,17576.0
Central African Republic,SI3_AGG - TO - Total merchandise,World,86.0,115.0,140.0,164.0,147.0,125.0
Central American Common Market (CACM),SI3_AGG - TO - Total merchandise,World,50021.0,50165.0,52436.0,53157.0,54171.0,50992.0
Chad,SI3_AGG - TO - Total merchandise,World,2426.0,2090.0,2621.0,3160.0,3205.0,2623.0
Chile,SI3_AGG - TO - Total merchandise,World,62035.0,60718.0,68823.0,74708.0,68763.0,73485.0
China,SI3_AGG - TO - Total merchandise,World,2273468.0,2097632.0,2263346.0,2486695.0,2499457.0,2590221.0
Colombia,SI3_AGG - TO - Total merchandise,World,35691.0,31757.0,36897.0,41774.0,39489.0,31008.0
Common Market for Eastern and Southern Africa (COMESA),SI3_AGG - TO - Total merchandise,World,89519.0,90669.0,112114.0,136187.0,125194.0,103871.0
"Commonwealth of Independent States (CIS), including certain associate and former member States",SI3_AGG - TO - Total merchandise,World,458059.0,379403.0,473883.0,590996.0,565852.0,452447.0
Comoros,SI3_AGG - TO - Total merchandise,World,17.0,31.0,39.0,41.0,39.0,21.0
Congo,SI3_AGG - TO - Total merchandise,World,8623.0,7901.0,8252.0,11155.0,5576.0,3340.0
Cook Islands,SI3_AGG - TO - Total merchandise,World,14.0,13.0,20.0,18.0,17.0,20.0
Costa Rica,SI3_AGG - TO - Total merchandise,World,9422.0,10361.0,10769.0,11344.0,11712.0,12174.0
Côte d'Ivoire,SI3_AGG - TO - Total merchandise,World,11730.0,10876.0,11853.0,11912.0,12629.0,11922.0
Croatia,SI3_AGG - TO - Total merchandise,World,12925.0,13813.0,16069.0,17402.0,17180.0,17167.0
Cuba,SI3_AGG - TO - Total merchandise,World,3350.0,2317.0,2402.0,2373.0,2062.0,2200.0
Curaçao,SI3_AGG - TO - Total merchandise,World,466.0,419.0,425.0,586.0,398.0,271.0
Cyprus,SI3_AGG - TO - Total merchandise,World,3295.0,2965.0,3288.0,5052.0,3453.0,3057.0
Czech Republic,SI3_AGG - TO - Total merchandise,World,157878.0,162692.0,182142.0,202238.0,199128.0,192057.0
Democratic Republic of the Congo,SI3_AGG - TO - Total merchandise,World,8685.0,7193.0,12296.0,20004.0,13382.0,14122.0
Denmark,SI3_AGG - TO - Total merchandise,World,95457.0,95326.0,102506.0,109711.0,110779.0,108274.0
Djibouti,SI3_AGG - TO - Total merchandise,World,134.0,1732.0,3162.0,3522.0,3996.0,2921.0
Dominica,SI3_AGG - TO - Total merchandise,World,30.0,18.0,12.0,10.0,18.0,14.0
Dominican Republic,SI3_AGG - TO - Total merchandise,World,9442.0,9840.0,10135.0,10638.0,11193.0,10297.0
ECCAS (Economic Community of Central African States),SI3_AGG - TO - Total merchandise,World,69486.0,58306.0,73048.0,93367.0,74474.0,54219.0
Ecuador,SI3_AGG - TO - Total merchandise,World,18331.0,16798.0,19122.0,21628.0,22329.0,20227.0
Egypt,SI3_AGG - TO - Total merchandise,World,21349.0,25468.0,25604.0,27624.0,28993.0,26630.0
El Salvador,SI3_AGG - TO - Total merchandise,World,5509.0,5420.0,5760.0,5905.0,5905.0,5044.0
Equatorial Guinea,SI3_AGG - TO - Total merchandise,World,6500.0,4900.0,5200.0,6500.0,5300.0,3200.0
Eritrea,SI3_AGG - TO - Total merchandise,World,499.0,436.0,583.0,669.0,768.0,556.0
Estonia,SI3_AGG - TO - Total merchandise,World,12836.0,13171.0,14559.0,17017.0,16110.0,16381.0
Eswatini,SI3_AGG - TO - Total merchandise,World,1812.0,1633.0,1801.0,1842.0,2002.0,1703.0
Ethiopia,SI3_AGG - TO - Total merchandise,World,2914.0,2789.0,3022.0,2704.0,2741.0,3258.0
Euro Area (19),SI3_AGG - TO - Total merchandise,World,4139156.0,4162775.0,4562714.0,4996532.0,4836700.0,4493908.0
Europe,SI3_AGG - TO - Total merchandise,World,6009471.0,5991440.0,6555260.0,7181438.0,6986675.0,6530566.0
European Free Trade Association (EFTA),SI3_AGG - TO - Total merchandise,World,398367.0,395746.0,405535.0,438096.0,421955.0,408364.0
European Union,SI3_AGG - TO - Total merchandise,World,4929053.0,4969739.0,5466719.0,5993402.0,5825085.0,5461710.0
European Union,SI3_AGG - TO - Total merchandise,European Union,2848864.0,2904211.0,3213323.0,3561045.0,3438889.0,3252118.0
European Union,SI3_AGG - TO - Total merchandise,Extra EU Trade,2080189.0,2065528.0,2253396.0,2432357.0,2386196.0,2209593.0
Fiji,SI3_AGG - TO - Total merchandise,World,895.0,926.0,956.0,1041.0,1033.0,828.0
Finland,SI3_AGG - TO - Total merchandise,World,59817.0,57908.0,68073.0,75869.0,73468.0,66192.0
Four East Asian traders,SI3_AGG - TO - Total merchandise,World,1674173.0,1622863.0,1814254.0,1922179.0,1798505.0,1770998.0
France,SI3_AGG - TO - Total merchandise,World,506264.0,501179.0,535298.0,582222.0,570951.0,488372.0
French Polynesia,SI3_AGG - TO - Total merchandise,World,130.0,173.0,153.0,148.0,136.0,108.0
G-20,SI3_AGG - TO - Total merchandise,World,12744107.0,12369084.0,13623243.0,14947450.0,14598179.0,13566119.0
G-7 (Group of Seven),SI3_AGG - TO - Total merchandise,World,5292866.0,5194181.0,5597172.0,6031595.0,5863074.0,5233348.0
Gabon,SI3_AGG - TO - Total merchandise,World,5113.0,4345.0,5468.0,6504.0,6620.0,4903.0
The Gambia,SI3_AGG - TO - Total merchandise,World,115.0,105.0,124.0,140.0,133.0,61.0
Georgia,SI3_AGG - TO - Total merchandise,World,2204.0,2117.0,2746.0,3380.0,3798.0,3343.0
Germany,SI3_AGG - TO - Total merchandise,World,1326206.0,1334355.0,1448191.0,1560539.0,1489412.0,1380647.0
Ghana,SI3_AGG - TO - Total merchandise,World,10321.0,11138.0,13835.0,14943.0,15668.0,14472.0
Gibraltar,SI3_AGG - TO - Total merchandise,World,,307.0,,,,
Greece,SI3_AGG - TO - Total merchandise,World,28554.0,28151.0,32627.0,39502.0,37907.0,35169.0
Greenland,SI3_AGG - TO - Total merchandise,World,406.0,575.0,596.0,699.0,826.0,766.0
Grenada,SI3_AGG - TO - Total merchandise,World,33.0,30.0,30.0,31.0,32.0,22.0
Guam,SI3_AGG - TO - Total merchandise,World,32.0,33.0,33.0,34.0,32.0,36.0
Guatemala,SI3_AGG - TO - Total merchandise,World,10677.0,10447.0,10990.0,10769.0,11175.0,11521.0
Guinea,SI3_AGG - TO - Total merchandise,World,1781.0,2414.0,4594.0,3978.0,3945.0,5595.0
Guinea-Bissau,SI3_AGG - TO - Total merchandise,World,252.0,277.0,339.0,339.0,249.0,198.0
Gulf Cooperation Council (GCC),SI3_AGG - TO - Total merchandise,World,684587.0,624990.0,706175.0,898315.0,845237.0,630503.0
Guyana,SI3_AGG - TO - Total merchandise,World,1151.0,1441.0,1437.0,1377.0,1567.0,2587.0
Haiti,SI3_AGG - TO - Total merchandise,World,882.0,986.0,980.0,1078.0,1200.0,721.0
Honduras,SI3_AGG - TO - Total merchandise,World,8226.0,7960.0,8656.0,8644.0,8788.0,7683.0
"Hong Kong, China",SI3_AGG - TO - Total merchandise,World,510486.0,516635.0,549865.0,568456.0,534887.0,548773.0
Hungary,SI3_AGG - TO - Total merchandise,World,98524.0,101919.0,113806.0,124705.0,123796.0,120311.0
Iceland,SI3_AGG - TO - Total merchandise,World,4732.0,4436.0,4878.0,5556.0,5223.0,4586.0
India,SI3_AGG - TO - Total merchandise,World,267951.0,264542.0,299241.0,324778.0,324340.0,276302.0
Indonesia,SI3_AGG - TO - Total merchandise,World,150366.0,144490.0,168811.0,180124.0,167683.0,163306.0
Iran,SI3_AGG - TO - Total merchandise,World,70275.0,72903.0,92764.0,103422.0,65718.0,53543.0
Iraq,SI3_AGG - TO - Total merchandise,World,57577.0,46830.0,63604.0,92831.0,82309.0,41738.0
Ireland,SI3_AGG - TO - Total merchandise,World,123361.0,130864.0,137359.0,164794.0,169625.0,179772.0
Israel,SI3_AGG - TO - Total merchandise,World,64063.0,60571.0,61150.0,61952.0,58507.0,49763.0
Italy,SI3_AGG - TO - Total merchandise,World,456990.0,461737.0,507418.0,549526.0,537718.0,496120.0
Jamaica,SI3_AGG - TO - Total merchandise,World,1263.0,1202.0,1310.0,1878.0,1586.0,1219.0
Japan,SI3_AGG - TO - Total merchandise,World,624921.0,645052.0,698329.0,738143.0,705564.0,641319.0
Jordan,SI3_AGG - TO - Total merchandise,World,7833.0,7549.0,7511.0,7750.0,8317.0,7943.0
Kazakhstan,SI3_AGG - TO - Total merchandise,World,45956.0,36685.0,48304.0,60956.0,57309.0,46447.0
Kenya,SI3_AGG - TO - Total merchandise,World,5906.0,5695.0,5747.0,6052.0,5839.0,6034.0
Kiribati,SI3_AGG - TO - Total merchandise,World,10.0,11.0,15.0,8.0,12.0,9.0
"Korea, Democratic People's Republic of",SI3_AGG - TO - Total merchandise,World,4152.0,3006.0,1770.0,251.0,280.0,110.0
"Korea, Republic of",SI3_AGG - TO - Total merchandise,World,526757.0,495426.0,573694.0,604860.0,542233.0,512498.0
"Kuwait, the State of",SI3_AGG - TO - Total merchandise,World,54122.0,46273.0,55015.0,71938.0,64483.0,40116.0
Kyrgyz Republic,SI3_AGG - TO - Total merchandise,World,1441.0,1573.0,1764.0,1837.0,1986.0,2006.0
Landlocked developing countries,SI3_AGG - TO - Total merchandise,World,156217.0,140067.0,163451.0,193059.0,189948.0,167441.0
Lao People's Democratic Republic,SI3_AGG - TO - Total merchandise,World,3653.0,4245.0,4873.0,5408.0,5806.0,6115.0
Latvia,SI3_AGG - TO - Total merchandise,World,12286.0,12294.0,14126.0,16166.0,15705.0,16201.0
LDC exporters of agriculture,SI3_AGG - TO - Total merchandise,World,14136.0,14793.0,16880.0,18879.0,18983.0,20197.0
LDC exporters of manufactures,SI3_AGG - TO - Total merchandise,World,45500.0,49780.0,52727.0,58148.0,60089.0,55273.0
LDC non-fuel mineral exporters,SI3_AGG - TO - Total merchandise,World,35619.0,34593.0,45842.0,55539.0,48309.0,51976.0
LDC oil exporters,SI3_AGG - TO - Total merchandise,World,54858.0,47155.0,58290.0,67654.0,63384.0,46546.0
Least-developed countries,SI3_AGG - TO - Total merchandise,World,152859.0,150694.0,179890.0,207366.0,198941.0,180843.0
Lebanese Republic,SI3_AGG - TO - Total merchandise,World,3982.0,3930.0,4026.0,3830.0,4829.0,4085.0
Lesotho,SI3_AGG - TO - Total merchandise,World,929.0,881.0,1028.0,1221.0,1063.0,888.0
Liberia,SI3_AGG - TO - Total merchandise,World,283.0,279.0,358.0,548.0,543.0,608.0
Libya,SI3_AGG - TO - Total merchandise,World,11392.0,9446.0,18865.0,29830.0,25732.0,7741.0
Lithuania,SI3_AGG - TO - Total merchandise,World,25392.0,25010.0,29901.0,33337.0,33151.0,32767.0
Luxembourg,SI3_AGG - TO - Total merchandise,World,17139.0,15796.0,15761.0,16412.0,16451.0,13803.0
"Macao, China",SI3_AGG - TO - Total merchandise,World,1339.0,1257.0,1406.0,1510.0,1586.0,1353.0
Madagascar,SI3_AGG - TO - Total merchandise,World,2048.0,2254.0,2848.0,3110.0,2696.0,1987.0
Malawi,SI3_AGG - TO - Total merchandise,World,1080.0,1022.0,884.0,880.0,913.0,767.0
Malaysia,SI3_AGG - TO - Total merchandise,World,199952.0,189743.0,218130.0,247455.0,238195.0,234127.0
Maldives,SI3_AGG - TO - Total merchandise,World,240.0,256.0,318.0,339.0,361.0,286.0
Mali,SI3_AGG - TO - Total merchandise,World,2717.0,2826.0,2896.0,3584.0,3675.0,3923.0
Malta,SI3_AGG - TO - Total merchandise,World,2607.0,3186.0,2858.0,3192.0,3007.0,2680.0
Marshall Islands,SI3_AGG - TO - Total merchandise,World,52.0,36.0,40.0,41.0,55.0,44.0
Mauritania,SI3_AGG - TO - Total merchandise,World,1832.0,1623.0,1989.0,2052.0,2266.0,2830.0
Mauritius,SI3_AGG - TO - Total merchandise,World,2662.0,2359.0,2342.0,2366.0,2223.0,1791.0
Mexico,SI3_AGG - TO - Total merchandise,World,380550.0,373948.0,409433.0,450713.0,460704.0,417670.0
"Micronesia, Federated States of",SI3_AGG - TO - Total merchandise,World,40.0,49.0,46.0,47.0,49.0,50.0
Middle East,SI3_AGG - TO - Total merchandise,World,893127.0,820210.0,939542.0,1172602.0,1069268.0,791878.0
"Moldova, Republic of",SI3_AGG - TO - Total merchandise,World,1967.0,2045.0,2425.0,2706.0,2779.0,2485.0
Mongolia,SI3_AGG - TO - Total merchandise,World,4669.0,4916.0,6201.0,7012.0,7620.0,7576.0
Montenegro,SI3_AGG - TO - Total merchandise,World,352.0,361.0,421.0,472.0,465.0,419.0
Montserrat,SI3_AGG - TO - Total merchandise,World,3.0,4.0,6.0,5.0,6.0,6.0
Morocco,SI3_AGG - TO - Total merchandise,World,22334.0,22661.0,25272.0,28609.0,29132.0,27159.0
Mozambique,SI3_AGG - TO - Total merchandise,World,3413.0,3328.0,4725.0,5012.0,4669.0,3589.0
Myanmar,SI3_AGG - TO - Total merchandise,World,11429.0,11831.0,13879.0,16704.0,17997.0,16692.0
Namibia,SI3_AGG - TO - Total merchandise,World,4067.0,4084.0,5229.0,7488.0,6256.0,5600.0
Nauru,SI3_AGG - TO - Total merchandise,World,11.0,18.0,15.0,9.0,19.0,60.0
Nepal,SI3_AGG - TO - Total merchandise,World,721.0,696.0,742.0,786.0,968.0,856.0
Netherlands,SI3_AGG - TO - Total merchandise,World,570442.0,570606.0,652065.0,726697.0,708596.0,674870.0
New Caledonia,SI3_AGG - TO - Total merchandise,World,1219.0,1330.0,1561.0,1929.0,1700.0,1665.0
New Zealand,SI3_AGG - TO - Total merchandise,World,34355.0,33756.0,38075.0,39673.0,39517.0,38919.0
Nicaragua,SI3_AGG - TO - Total merchandise,World,4839.0,4782.0,5170.0,5014.0,5273.0,5087.0
Niger,SI3_AGG - TO - Total merchandise,World,1087.0,1032.0,1206.0,1202.0,1126.0,998.0
Nigeria,SI3_AGG - TO - Total merchandise,World,50216.0,33302.0,44468.0,60547.0,62531.0,35634.0
Niue,SI3_AGG - TO - Total merchandise,World,0.0,1.0,2.0,2.0,2.0,1.0
Non-EU south-eastern Europe,SI3_AGG - TO - Total merchandise,World,176260.0,176559.0,196270.0,213830.0,217410.0,204860.0
Non-EU western Europe,SI3_AGG - TO - Total merchandise,World,865941.0,808685.0,848886.0,926727.0,894111.0,815363.0
North America,SI3_AGG - TO - Total merchandise,World,2293208.0,2214972.0,2376394.0,2565463.0,2550477.0,2239896.0
North American Free Trade Agreement (NAFTA),SI3_AGG - TO - Total merchandise,World,2293185.0,2214950.0,2376371.0,2565438.0,2550450.0,2239880.0
North Macedonia,SI3_AGG - TO - Total merchandise,World,4536.0,4790.0,5668.0,6911.0,7189.0,6635.0
Northern Mariana Islands,SI3_AGG - TO - Total merchandise,World,2.0,6.0,5.0,5.0,5.0,3.0
Norway,SI3_AGG - TO - Total merchandise,World,103915.0,88410.0,101054.0,121791.0,102799.0,84459.0
OIC (Organisation of Islamic Cooperation),SI3_AGG - TO - Total merchandise,World,1683615.0,1560214.0,1806862.0,2164950.0,2042242.0,1658512.0
Oman,SI3_AGG - TO - Total merchandise,World,31927.0,30014.0,32904.0,41761.0,38724.0,31685.0
OPEC (Organization of the Petroleum Exporting Countries),SI3_AGG - TO - Total merchandise,World,873003.0,788820.0,930782.0,1182005.0,1057005.0,730881.0
Other Africa,SI3_AGG - TO - Total merchandise,World,316665.0,287664.0,345719.0,415756.0,388634.0,300498.0
Other Asia,SI3_AGG - TO - Total merchandise,World,904529.0,903228.0,1037250.0,1135931.0,1135608.0,1112477.0
Other CIS,SI3_AGG - TO - Total merchandise,World,116640.0,97693.0,120940.0,147082.0,146002.0,120220.0
Pacific Alliance,SI3_AGG - TO - Total merchandise,World,512691.0,503505.0,560574.0,616263.0,616646.0,564574.0
Pakistan,SI3_AGG - TO - Total merchandise,World,22089.0,20375.0,21569.0,23425.0,23329.0,21961.0
Palau,SI3_AGG - TO - Total merchandise,World,6.0,7.0,6.0,4.0,4.0,3.0
Panama,SI3_AGG - TO - Total merchandise,World,11348.0,11195.0,11093.0,11480.0,11318.0,9483.0
Papua New Guinea,SI3_AGG - TO - Total merchandise,World,8453.0,8194.0,9952.0,10524.0,11399.0,9229.0
Paraguay,SI3_AGG - TO - Total merchandise,World,8357.0,8494.0,8680.0,9045.0,7652.0,8529.0
Peru,SI3_AGG - TO - Total merchandise,World,34415.0,37082.0,45422.0,49068.0,47690.0,42411.0
Philippines,SI3_AGG - TO - Total merchandise,World,58827.0,57406.0,68713.0,69307.0,70927.0,63767.0
Poland,SI3_AGG - TO - Total merchandise,World,199124.0,203817.0,234364.0,263569.0,266595.0,271059.0
Portugal,SI3_AGG - TO - Total merchandise,World,55047.0,55372.0,62130.0,68361.0,67063.0,61531.0
Qatar,SI3_AGG - TO - Total merchandise,World,77971.0,57309.0,67498.0,84288.0,72935.0,51504.0
Romania,SI3_AGG - TO - Total merchandise,World,60595.0,63534.0,70761.0,79660.0,76867.0,70721.0
Russian Federation,SI3_AGG - TO - Total merchandise,World,341419.0,281710.0,352943.0,443914.0,419850.0,332227.0
Rwanda,SI3_AGG - TO - Total merchandise,World,682.0,731.0,1037.0,1122.0,1241.0,1408.0
Saint Kitts and Nevis,SI3_AGG - TO - Total merchandise,World,55.0,51.0,50.0,54.0,58.0,52.0
Saint Lucia,SI3_AGG - TO - Total merchandise,World,180.0,120.0,127.0,62.0,82.0,55.0
Saint Martin,SI3_AGG - TO - Total merchandise,World,129.0,132.0,123.0,148.0,181.0,134.0
Saint Pierre and Miquelon,SI3_AGG - TO - Total merchandise,World,1.0,3.0,5.0,7.0,8.0,5.0
Saint Vincent and the Grenadines,SI3_AGG - TO - Total merchandise,World,46.0,47.0,42.0,44.0,38.0,54.0
Samoa,SI3_AGG - TO - Total merchandise,World,59.0,56.0,44.0,46.0,49.0,37.0
Sao Tomé and Principe,SI3_AGG - TO - Total merchandise,World,11.0,14.0,15.0,16.0,13.0,14.0
"Saudi Arabia, Kingdom of",SI3_AGG - TO - Total merchandise,World,203550.0,183579.0,221835.0,294373.0,261603.0,173854.0
Senegal,SI3_AGG - TO - Total merchandise,World,2612.0,2640.0,2989.0,3623.0,4179.0,3929.0
Serbia,SI3_AGG - TO - Total merchandise,World,13376.0,14874.0,16992.0,19227.0,19630.0,19498.0
Seychelles,SI3_AGG - TO - Total merchandise,World,415.0,460.0,547.0,569.0,518.0,432.0
Sierra Leone,SI3_AGG - TO - Total merchandise,World,512.0,624.0,567.0,554.0,619.0,368.0
Singapore,SI3_AGG - TO - Total merchandise,World,351587.0,330481.0,373446.0,412955.0,390763.0,362534.0
Six East Asian traders,SI3_AGG - TO - Total merchandise,World,2088434.0,2027994.0,2269019.0,2422591.0,2282969.0,2236594.0
Slovak Republic,SI3_AGG - TO - Total merchandise,World,75146.0,77060.0,83414.0,93425.0,89509.0,86104.0
Slovenia,SI3_AGG - TO - Total merchandise,World,31929.0,32917.0,38443.0,44200.0,44943.0,44797.0
Solomon Islands,SI3_AGG - TO - Total merchandise,World,400.0,437.0,500.0,569.0,461.0,366.0
South Africa,SI3_AGG - TO - Total merchandise,World,81002.0,76214.0,88947.0,93970.0,90016.0,85834.0
South and Central America and the Caribbean,SI3_AGG - TO - Total merchandise,World,542149.0,516794.0,585212.0,634328.0,594108.0,537002.0
South Asian Association for Regional Cooperation (SAARC),SI3_AGG - TO - Total merchandise,World,335047.0,332195.0,370378.0,401951.0,401813.0,344441.0
Southern African Development Community (SADC),SI3_AGG - TO - Total merchandise,World,160315.0,148622.0,176761.0,200968.0,180060.0,160209.0
"Southern Common Market (MERCOSUR) excluding Venezuela, Bolivarian Republic of",SI3_AGG - TO - Total merchandise,World,263962.0,258679.0,292952.0,317588.0,305832.0,280148.0
Spain,SI3_AGG - TO - Total merchandise,World,282274.0,289981.0,319531.0,346754.0,334018.0,307015.0
Sri Lanka,SI3_AGG - TO - Total merchandise,World,10547.0,10310.0,11360.0,11890.0,11940.0,10047.0
Sudan,SI3_AGG - TO - Total merchandise,World,3169.0,3094.0,4100.0,3478.0,3735.0,3803.0
Suriname,SI3_AGG - TO - Total merchandise,World,1652.0,1439.0,1992.0,2070.0,2127.0,2345.0
Sweden,SI3_AGG - TO - Total merchandise,World,140023.0,139290.0,152920.0,165968.0,160576.0,155601.0
Switzerland,SI3_AGG - TO - Total merchandise,World,289720.0,302900.0,299603.0,310749.0,313934.0,319318.0
Syrian Arab Republic,SI3_AGG - TO - Total merchandise,World,887.0,713.0,712.0,624.0,507.0,868.0
Chinese Taipei,SI3_AGG - TO - Total merchandise,World,285344.0,280321.0,317249.0,335909.0,330622.0,347193.0
Tajikistan,SI3_AGG - TO - Total merchandise,World,891.0,899.0,1198.0,1073.0,1174.0,1407.0
Tanzania,SI3_AGG - TO - Total merchandise,World,4834.0,4500.0,4113.0,4041.0,5005.0,6061.0
Thailand,SI3_AGG - TO - Total merchandise,World,214310.0,215388.0,236635.0,252957.0,246269.0,231468.0
Timor-Leste,SI3_AGG - TO - Total merchandise,World,18.0,20.0,23.0,45.0,154.0,264.0
Togo,SI3_AGG - TO - Total merchandise,World,1011.0,1036.0,1016.0,1080.0,1055.0,1008.0
Tokelau,SI3_AGG - TO - Total merchandise,World,0.0,0.0,0.0,0.0,0.0,0.0
Tonga,SI3_AGG - TO - Total merchandise,World,18.0,21.0,19.0,13.0,20.0,15.0
Trinidad and Tobago,SI3_AGG - TO - Total merchandise,World,10748.0,7633.0,8741.0,10530.0,7192.0,5216.0
Tunisia,SI3_AGG - TO - Total merchandise,World,14073.0,13572.0,14204.0,15534.0,14933.0,13813.0
Turkey,SI3_AGG - TO - Total merchandise,World,150982.0,149247.0,164495.0,177169.0,180833.0,169651.0
Turkmenistan,SI3_AGG - TO - Total merchandise,World,10000.0,6964.0,7458.0,9573.0,9695.0,6385.0
Turks and Caicos Islands,SI3_AGG - TO - Total merchandise,World,5.0,4.0,4.0,4.0,3.0,3.0
Tuvalu,SI3_AGG - TO - Total merchandise,World,0.0,0.0,0.0,0.0,0.0,0.0
Uganda,SI3_AGG - TO - Total merchandise,World,2267.0,2482.0,2901.0,3087.0,3477.0,4149.0
Ukraine,SI3_AGG - TO - Total merchandise,World,38127.0,36360.0,43265.0,47348.0,50066.0,49220.0
United Arab Emirates,SI3_AGG - TO - Total merchandise,World,300477.0,295031.0,313547.0,387910.0,389373.0,319278.0
United Kingdom,SI3_AGG - TO - Total merchandise,World,465850.0,410856.0,440997.0,486439.0,469684.0,404681.0
United States of America,SI3_AGG - TO - Total merchandise,World,1502572.0,1451011.0,1546273.0,1663982.0,1643161.0,1431610.0
Uruguay,SI3_AGG - TO - Total merchandise,World,7688.0,7043.0,7888.0,7498.0,7680.0,6857.0
Uzbekistan,SI3_AGG - TO - Total merchandise,World,9443.0,8974.0,10079.0,10921.0,14024.0,13097.0
Vanuatu,SI3_AGG - TO - Total merchandise,World,39.0,50.0,47.0,61.0,56.0,46.0
"Venezuela, Bolivarian Republic of",SI3_AGG - TO - Total merchandise,World,37309.0,26696.0,31960.0,34440.0,17210.0,4980.0
Viet Nam,SI3_AGG - TO - Total merchandise,World,162065.0,176581.0,215014.0,243699.0,264268.0,282725.0
Wallis and Futuna Islands,SI3_AGG - TO - Total merchandise,World,0.0,0.0,0.0,0.0,0.0,0.0
West African Economic and Monetary Union (WAEMU),SI3_AGG - TO - Total merchandise,World,23267.0,22969.0,25390.0,28339.0,29202.0,28668.0
West African Economic Community (ECOWAS),SI3_AGG - TO - Total merchandise,World,86562.0,70892.0,89386.0,109124.0,112704.0,85457.0
WTO Members,SI3_AGG - TO - Total merchandise,World,16272865.0,15784999.0,17420027.0,19159655.0,18676524.0,17380366.0
WTO Observer governments,SI3_AGG - TO - Total merchandise,World,276838.0,250817.0,316639.0,390278.0,333374.0,230175.0
Yemen,SI3_AGG - TO - Total merchandise,World,1911.0,651.0,1244.0,1358.0,1435.0,1204.0
Zambia,SI3_AGG - TO - Total merchandise,World,6607.0,6372.0,8000.0,9034.0,7047.0,7819.0
Zimbabwe,SI3_AGG - TO - Total merchandise,World,3248.0,3335.0,3481.0,4057.0,4269.0,4396.0
